City_ID,City,Country,Lat,Lng,Max Temp,Humidity,Cloudiness,Wind Speed,Current Description
0,Mataura,NZ,-46.1927,168.8643,34.48,99,99,3.83,overcast clouds
1,Savannah Bight,HN,16.45,-85.85,89.65,79,100,19.71,overcast clouds
2,Albany,US,42.6001,-73.9662,88.14,60,17,3.71,few clouds
3,Victoria,HK,22.2855,114.1577,85.32,92,100,1.01,light rain
4,Hobart,AU,-42.8794,147.3294,44.46,87,12,4.0,few clouds
5,Katsuura,JP,35.1333,140.3,84.31,89,100,24.09,overcast clouds
6,Ushuaia,AR,-54.8,-68.3,42.46,61,40,6.91,scattered clouds
7,Punta Arenas,CL,-53.15,-70.9167,42.91,70,75,18.41,broken clouds
8,Bengkulu,ID,-3.8004,102.2655,76.55,91,62,4.52,broken clouds
9,Saskylakh,RU,71.9167,114.0833,60.19,56,87,8.08,overcast clouds
10,Mar Del Plata,AR,-38.0023,-57.5575,46.35,71,100,10.0,light rain
11,Airai,TL,-8.9266,125.4092,54.3,88,38,1.66,scattered clouds
12,Bogorodskoye,RU,56.55,37.8833,70.79,90,0,4.9,clear sky
13,Waddan,LY,29.1614,16.139,94.55,19,0,12.82,clear sky
14,Tefe,BR,-3.3542,-64.7114,89.71,66,20,5.75,few clouds
15,Tripoli,LY,32.8752,13.1875,87.44,57,0,19.64,clear sky
16,Busselton,AU,-33.65,115.3333,55.09,78,100,24.29,overcast clouds
17,Mahebourg,MU,-20.4081,57.7,69.26,100,75,3.44,moderate rain
18,Biltine,TD,14.5333,20.9167,77.49,75,100,13.89,overcast clouds
19,Bereznik,RU,62.8551,42.7072,52.52,98,100,10.11,moderate rain
20,Khandyga,RU,62.6667,135.6,55.31,63,11,1.97,few clouds
21,Lebu,CL,-37.6167,-73.65,50.11,66,11,9.17,few clouds
22,Vaini,TO,-21.2,-175.2,60.96,94,40,2.3,scattered clouds
23,Lata,PT,40.1629,-8.3327,77.04,59,0,6.67,clear sky
24,Kahului,US,20.8947,-156.47,80.62,67,20,13.8,few clouds
25,Port Macquarie,AU,-31.4333,152.9167,49.96,67,100,3.49,overcast clouds
26,Castro,BR,-24.7911,-50.0119,65.37,63,99,3.67,overcast clouds
27,Taltal,CL,-25.4,-70.4833,59.23,63,80,7.92,broken clouds
28,Husavik,IS,66.0449,-17.3389,57.11,85,45,7.47,scattered clouds
29,San Patricio,US,28.017,-97.5169,94.01,51,10,19.73,clear sky
30,Arraial Do Cabo,BR,-22.9661,-42.0278,75.16,68,20,19.57,few clouds
31,Acapulco,MX,16.8634,-99.8901,87.62,66,75,8.05,broken clouds
32,Shache,CN,38.4167,77.2406,75.7,39,100,8.88,overcast clouds
33,Bluff,NZ,-46.6,168.3333,34.81,61,54,15.37,broken clouds
34,Yeniseysk,RU,58.4497,92.1703,59.74,77,99,1.03,overcast clouds
35,Tabuk,PH,17.4189,121.4443,74.17,95,100,3.36,overcast clouds
36,Cape Town,ZA,-33.9258,18.4232,57.88,91,75,5.99,heavy intensity rain
37,Sorland,NO,67.667,12.6934,59.18,75,100,17.02,overcast clouds
38,Port Elizabeth,ZA,-33.918,25.5701,61.09,77,0,26.46,clear sky
39,Visby,SE,57.6409,18.296,65.86,88,0,10.36,clear sky
40,Rikitea,PF,-23.1203,-134.9692,74.19,75,2,11.81,clear sky
41,Hilo,US,19.7297,-155.09,75.25,85,61,1.99,broken clouds
42,Sabang,ID,5.8933,95.3214,82.99,77,100,14.18,overcast clouds
43,Geraldton,AU,-28.7667,114.6,64.81,82,40,16.11,scattered clouds
44,Port Alfred,ZA,-33.5906,26.891,63.99,63,66,17.07,broken clouds
45,Leh,IN,34.1667,77.5833,62.89,49,29,6.13,scattered clouds
46,Asau,RO,46.4333,26.4,72.52,68,1,3.09,clear sky
47,Tommot,RU,58.9564,126.2925,56.39,93,10,2.82,clear sky
48,Iqaluit,CA,63.7506,-68.5145,42.53,93,90,3.44,light rain
49,Ahipara,NZ,-35.1667,173.1667,49.24,69,100,20.96,overcast clouds
50,Tasiilaq,GL,65.6145,-37.6368,44.76,96,100,17.87,moderate rain
51,Dikson,RU,73.5069,80.5464,47.82,73,3,5.64,clear sky
52,Klyuchi,RU,52.2667,79.1667,65.37,76,100,8.59,light rain
53,Ponta Do Sol,PT,32.6667,-17.1,76.01,77,79,2.98,broken clouds
54,Chake Chake,TZ,-5.2459,39.7666,73.76,80,36,11.1,scattered clouds
55,Naze,JP,28.3667,129.4833,77.67,88,4,13.49,clear sky
56,Vanimo,PG,-2.6741,141.3028,75.9,90,98,5.46,moderate rain
57,Yellowknife,CA,62.456,-114.3525,54.12,54,75,10.36,broken clouds
58,Bambous Virieux,MU,-20.3428,57.7575,69.22,100,75,3.44,light rain
59,Vardo,NO,70.3705,31.1107,62.8,67,0,16.11,clear sky
60,Narsaq,GL,60.9167,-46.05,53.82,63,10,12.08,clear sky
61,Upernavik,GL,72.7868,-56.1549,42.19,85,100,5.61,overcast clouds
62,Parkes,AU,-33.1333,148.1833,49.86,74,100,7.29,overcast clouds
63,Pevek,RU,69.7008,170.3133,37.27,83,16,9.08,few clouds
64,Souillac,MU,-20.5167,57.5167,69.37,100,75,3.44,moderate rain
65,San Policarpo,PH,12.1791,125.5072,78.33,87,100,5.26,light rain
66,Pisco,PE,-13.7,-76.2167,64.45,72,90,5.75,overcast clouds
67,Lompoc,US,34.6391,-120.4579,85.21,77,1,6.91,clear sky
68,Moron,AR,-34.6534,-58.6198,51.49,83,100,11.99,light rain
69,Jamestown,US,42.097,-79.2353,83.3,60,40,4.0,scattered clouds
70,Kloulklubed,PW,7.0419,134.2556,82.29,76,100,15.52,overcast clouds
71,Celestun,MX,20.8667,-90.4,88.74,61,7,13.18,clear sky
72,Kerema,PG,-7.9631,145.7785,76.51,92,100,4.09,overcast clouds
73,Lac Du Bonnet,CA,50.2536,-96.0612,89.78,35,8,11.41,clear sky
74,Waingapu,ID,-9.6567,120.2641,72.81,80,59,7.9,broken clouds
75,Lorengau,PG,-2.0226,147.2712,79.86,80,75,7.76,broken clouds
76,Viedma,AR,-40.8135,-62.9967,53.44,37,84,16.96,broken clouds
77,Hermanus,ZA,-34.4187,19.2345,60.8,78,100,24.94,light rain
78,Divnogorsk,RU,55.9594,92.3619,57.69,91,23,2.21,few clouds
79,Atuona,PF,-9.8,-139.0333,77.32,80,26,19.55,light rain
80,Kapaa,US,22.0752,-159.319,80.92,69,90,1.01,overcast clouds
81,Barrow,US,71.2906,-156.7887,39.22,92,90,8.05,overcast clouds
82,Tecoanapa,MX,16.5167,-98.75,87.03,63,20,9.6,few clouds
83,Suraabad,AZ,40.8192,49.4687,80.78,63,30,5.73,scattered clouds
84,Dubbo,AU,-32.25,148.6167,50.13,81,90,12.66,overcast clouds
85,Durazno,UY,-33.4131,-56.5006,71.74,73,100,8.48,overcast clouds
86,Faanui,PF,-16.4833,-151.75,78.91,74,9,13.69,clear sky
87,Boguchany,RU,58.3814,97.4531,59.22,68,94,3.8,overcast clouds
88,Yomou,GN,7.5603,-9.2653,71.06,96,100,3.33,moderate rain
89,Kaitangata,NZ,-46.2817,169.8464,37.31,88,98,9.6,overcast clouds
90,Snyder,US,32.7179,-100.9176,95.34,41,1,13.8,clear sky
91,Burnie,AU,-41.0667,145.9167,46.92,89,100,1.43,overcast clouds
92,Pangai,TO,-19.8,-174.35,71.71,64,20,3.44,few clouds
93,Sampit,ID,-2.5333,112.95,74.95,97,100,1.57,overcast clouds
94,New Norfolk,AU,-42.7826,147.0587,44.1,84,28,3.0,scattered clouds
95,Clyde River,CA,70.4692,-68.5914,52.03,58,40,12.66,scattered clouds
96,Cabedelo,BR,-6.9811,-34.8339,81.27,72,5,16.67,clear sky
97,Bara,NG,10.3744,10.7288,77.77,76,100,8.81,overcast clouds
98,Namibe,AO,-15.1961,12.1522,65.25,79,70,9.86,broken clouds
99,Saint-Philippe,RE,-21.3585,55.7679,69.39,84,18,6.42,light rain
100,Sharjah,AE,25.3573,55.4033,102.18,34,0,5.75,clear sky
101,Touros,BR,-5.1989,-35.4608,83.3,64,59,19.51,broken clouds
102,Ergani,TR,38.2653,39.7621,81.32,30,0,6.13,clear sky
103,Lukovetskiy,RU,64.2956,41.9211,60.78,96,100,8.14,light rain
104,Ndele,CF,8.4109,20.6473,69.33,96,100,1.86,overcast clouds
105,Khatanga,RU,71.9667,102.5,54.7,60,86,13.62,overcast clouds
106,Ahuimanu,US,21.4447,-157.8378,80.31,67,75,8.05,broken clouds
107,Cherskiy,RU,68.75,161.3,50.29,54,30,1.7,scattered clouds
108,Dhaka,BD,23.7104,90.4074,82.38,74,40,3.44,haze
109,Aklavik,CA,68.2191,-135.0107,52.52,71,40,0.0,scattered clouds
110,Shimoda,JP,34.6667,138.95,80.19,90,74,14.07,broken clouds
111,Ancud,CL,-41.8697,-73.8203,54.43,62,5,3.94,clear sky
112,Suhbaatar,MN,50.2314,106.2078,53.64,71,5,3.44,clear sky
113,Poopo,BO,-18.3667,-66.9667,57.97,21,19,8.05,few clouds
114,Bredasdorp,ZA,-34.5322,20.0403,60.28,58,100,13.8,overcast clouds
115,Kavieng,PG,-2.5744,150.7967,81.12,76,98,10.07,overcast clouds
116,Arlit,NE,18.7369,7.3853,95.9,23,100,18.59,overcast clouds
117,Butaritari,KI,3.0707,172.7902,82.76,64,23,10.13,few clouds
118,Saint-Francois,FR,46.4154,3.9054,69.24,52,0,4.61,clear sky
119,Dingle,PH,10.9995,122.6711,76.37,90,100,3.49,overcast clouds
120,Gat,IL,31.61,34.7642,83.08,100,0,3.89,clear sky
121,Gravelbourg,CA,49.8834,-106.5512,70.07,37,100,11.65,light rain
122,Thinadhoo,MV,0.5333,72.9333,81.75,74,98,4.92,overcast clouds
123,Korla,CN,41.7597,86.1469,82.13,31,100,5.12,overcast clouds
124,Nanortalik,GL,60.1432,-45.2371,44.69,84,71,14.12,broken clouds
125,Mount Gambier,AU,-37.8333,140.7667,42.71,93,100,8.05,overcast clouds
126,Tazovskiy,RU,67.4667,78.7,53.74,65,5,9.55,clear sky
127,Dunedin,NZ,-45.8742,170.5036,36.81,84,88,4.0,overcast clouds
128,Yazman,PK,29.1212,71.7446,99.86,27,0,9.73,clear sky
129,Avarua,CK,-21.2078,-159.775,69.85,88,75,2.3,broken clouds
130,Broome,US,42.2506,-75.833,87.06,59,1,1.01,clear sky
131,Sandpoint,US,48.2766,-116.5533,70.61,48,90,8.05,overcast clouds
132,Boyolangu,ID,-8.1181,111.8935,73.65,96,28,1.97,scattered clouds
133,Am Timan,TD,11.0297,20.2827,69.57,94,98,2.13,overcast clouds
134,Kupino,RU,54.3663,77.2981,61.61,88,82,7.7,broken clouds
135,Almaznyy,RU,48.0448,40.045,75.34,59,98,2.48,overcast clouds
136,Nanticoke,US,41.2054,-76.0049,88.41,54,8,1.99,clear sky
137,Baruun-Urt,MN,46.6806,113.2792,55.81,92,31,6.93,scattered clouds
138,Berdigestyakh,RU,62.0989,126.6992,56.75,73,48,5.39,scattered clouds
139,Vostok,RU,46.4856,135.8833,52.0,93,100,4.63,overcast clouds
140,Hong Gai,VN,20.956,107.0946,87.71,89,100,3.13,overcast clouds
141,Puerto Ayora,EC,-0.7393,-90.3518,75.16,86,64,8.01,broken clouds
142,Fare,PF,-16.7,-151.0167,78.21,77,27,11.86,scattered clouds
143,Labod,HU,46.2053,17.4542,84.87,67,100,4.12,overcast clouds
144,Paamiut,GL,61.994,-49.6678,43.25,90,99,8.88,light rain
145,Torbay,CA,47.6666,-52.7314,74.88,82,90,13.8,overcast clouds
146,Provideniya,RU,64.3833,-173.3,45.39,81,100,15.93,overcast clouds
147,Beringovskiy,RU,63.05,179.3167,43.47,88,100,21.65,light rain
148,Rio Grande,BR,-32.035,-52.0986,86.11,71,69,7.43,broken clouds
149,Portland,US,45.5234,-122.6762,72.45,57,75,1.01,broken clouds
150,Ribeira Grande,PT,38.5167,-28.7,77.4,69,75,13.8,broken clouds
151,Mathbaria,BD,22.2876,89.9593,81.07,90,25,7.45,scattered clouds
152,Udachnyy,RU,66.4167,112.4,48.78,90,12,3.27,few clouds
153,Neuruppin,DE,52.9282,12.8031,71.92,61,100,5.61,overcast clouds
154,Rockport,US,28.0206,-97.0544,93.22,70,40,4.0,scattered clouds
155,Te Anau,NZ,-45.4167,167.7167,31.32,96,96,1.25,light snow
156,Coihaique,CL,-45.5752,-72.0662,48.15,53,0,3.44,clear sky
157,Port Hedland,AU,-20.3167,118.5667,57.25,77,6,6.91,clear sky
158,Ketchikan,US,55.3422,-131.6461,62.94,75,69,2.06,broken clouds
159,Berezovyy,RU,51.6667,135.7,49.51,99,100,3.71,overcast clouds
160,Lavrentiya,RU,65.5833,-171.0,43.14,85,99,14.2,overcast clouds
161,Havoysund,NO,70.9963,24.6622,72.48,59,47,9.53,scattered clouds
162,Tiarei,PF,-17.5333,-149.3333,80.62,75,21,11.23,few clouds
163,Dolinsk,RU,47.35,142.8,55.26,85,100,16.2,overcast clouds
164,Lhokseumawe,ID,5.1801,97.1507,78.22,88,100,4.83,moderate rain
165,Adre,TD,13.4667,22.2,68.97,93,47,5.57,scattered clouds
166,Ca Mau,VN,9.1769,105.15,79.54,90,94,5.17,overcast clouds
167,Carnarvon,AU,-24.8667,113.6333,62.67,81,0,4.61,clear sky
168,Cocal,BR,-28.6167,-49.35,78.06,51,0,5.39,clear sky
169,Roald,NO,62.5833,6.1333,69.85,88,0,10.36,clear sky
170,Sao Joao Da Barra,BR,-21.6403,-41.0511,75.29,70,86,13.76,overcast clouds
171,Komsomolskiy,UZ,40.4272,71.7189,83.12,36,0,4.61,clear sky
172,Buala,SB,-8.145,159.5921,77.88,81,38,2.13,light rain
173,Lagoa,PT,39.05,-27.9833,72.05,86,57,21.68,broken clouds
174,Vao,NC,-22.6667,167.4833,67.59,57,35,18.21,scattered clouds
175,Devonport,AU,-41.1667,146.35,46.99,90,97,1.28,overcast clouds
176,Kruisfontein,ZA,-34.0033,24.7314,57.88,87,100,5.21,overcast clouds
177,Aswan,EG,24.0934,32.907,106.9,12,0,9.22,clear sky
178,Chuy,UY,-33.6971,-53.4616,69.89,70,100,1.83,overcast clouds
179,Soyo,AO,-6.1349,12.3689,73.45,78,16,6.17,few clouds
180,Thompson,CA,55.7435,-97.8558,62.76,100,90,5.75,mist
181,Sao Filipe,CV,14.8961,-24.4956,80.15,77,19,7.92,few clouds
182,Orsha,BY,54.5153,30.4053,68.22,72,41,7.74,scattered clouds
183,Saint George,US,37.1041,-113.5841,99.07,17,1,1.01,clear sky
184,Maarianhamina,AX,60.0973,19.9348,64.26,94,90,13.8,overcast clouds
185,Kapuskasing,CA,49.4169,-82.4331,75.29,60,90,10.36,overcast clouds
186,San Felipe,VE,10.3399,-68.7425,93.24,34,6,7.27,clear sky
187,Obo,CF,5.3998,26.4869,69.03,92,100,2.35,overcast clouds
188,Qaanaaq,GL,77.484,-69.3632,39.7,61,19,2.19,few clouds
189,Remedios,CU,22.4947,-79.5458,90.52,64,5,11.56,clear sky
190,Kodiak,US,57.79,-152.4072,56.71,88,90,8.05,light rain
191,Korhogo,CI,9.45,-5.6333,74.75,85,98,5.06,light rain
192,Trincomalee,LK,8.5711,81.2335,80.82,76,100,19.69,overcast clouds
193,Port Hueneme,US,34.1478,-119.1951,94.24,84,90,5.75,overcast clouds
194,Yar-Sale,RU,66.8333,70.8333,54.16,65,99,17.49,overcast clouds
195,Kutum,SD,14.2,24.6667,71.98,68,15,11.56,few clouds
196,Rantepao,ID,-2.9701,119.8978,64.94,98,94,2.17,overcast clouds
197,Waipawa,NZ,-41.4122,175.5153,43.43,59,100,26.35,overcast clouds
198,Cheremukhovo,RU,60.3484,59.9851,50.68,97,62,4.21,broken clouds
199,Tukrah,LY,32.5341,20.5791,80.58,66,0,17.18,clear sky
200,Chippewa Falls,US,44.9369,-91.3929,81.97,73,1,13.8,clear sky
201,Acari,PE,-15.4311,-74.6158,70.65,60,48,9.86,scattered clouds
202,Fortuna,US,40.5982,-124.1573,64.65,96,90,8.05,overcast clouds
203,Warrnambool,AU,-38.3833,142.4833,43.81,72,80,10.16,broken clouds
204,Panique,PH,12.4797,122.0153,81.57,82,100,12.08,overcast clouds
205,Fairbanks,US,64.8378,-147.7164,61.61,81,90,9.22,overcast clouds
206,Phuket,TH,8.0,98.25,82.62,83,40,6.91,scattered clouds
207,Zeya,RU,53.75,127.2667,47.35,91,79,3.18,broken clouds
208,Tornio,FI,65.8481,24.1466,59.02,94,100,17.58,overcast clouds
209,Vila Franca Do Campo,PT,37.7167,-25.4333,72.01,76,70,9.44,broken clouds
210,Meadow Lake,US,34.8014,-106.5436,89.82,14,0,7.67,clear sky
211,Oistins,BB,13.0667,-59.5333,87.89,66,20,21.85,few clouds
212,Lixourion,GR,38.2019,20.4314,84.2,70,0,12.66,clear sky
213,Maues,BR,-3.3836,-57.7186,98.1,27,9,2.86,clear sky
214,Kyakhta,RU,50.3508,106.4494,52.2,73,4,4.99,clear sky
215,Siruguppa,IN,15.6333,76.9,81.23,69,53,14.0,broken clouds
216,Marystown,CA,47.1666,-55.1483,67.98,82,100,12.12,overcast clouds
217,Hithadhoo,MV,-0.6,73.0833,81.63,75,100,5.55,overcast clouds
218,Norman Wells,CA,65.282,-126.8329,50.04,71,90,10.36,overcast clouds
219,Furano,JP,43.2818,142.4743,61.2,97,100,4.63,overcast clouds
220,Shamkhal,RU,43.0596,47.3373,84.18,46,100,2.59,overcast clouds
221,Kesan,TR,40.8558,26.6303,81.09,58,0,3.83,clear sky
222,Kathu,TH,7.9178,98.3332,82.22,82,100,9.8,overcast clouds
223,Bethel,US,41.3712,-73.414,83.41,61,20,6.91,few clouds
224,Codrington,AU,-38.2667,141.9667,45.01,75,100,9.44,overcast clouds
225,Brae,GB,60.3964,-1.353,55.31,92,100,6.26,overcast clouds
226,Balkanabat,TM,39.5108,54.3671,98.74,12,0,8.72,clear sky
227,Villafranca De Los Barros,ES,38.5614,-6.3381,88.83,25,0,8.14,clear sky
228,Lazaro Cardenas,MX,17.9583,-102.2,85.98,66,96,6.62,overcast clouds
229,Maurawan,IN,26.4333,80.8833,80.64,85,98,4.79,light rain
230,Nuuk,GL,64.1835,-51.7216,45.21,87,75,9.22,broken clouds
231,Aketi,CD,2.7388,23.7833,71.73,90,65,0.74,light rain
232,Situbondo,ID,-7.7062,114.0098,74.95,89,47,3.91,scattered clouds
233,Margate,GB,51.3813,1.3862,65.7,70,12,5.01,few clouds
234,Bambanglipuro,ID,-7.95,110.2833,75.18,89,10,3.22,clear sky
235,Flinders,AU,-34.5833,150.8552,50.2,82,100,1.01,overcast clouds
236,Shingu,JP,33.7333,135.9833,82.9,94,100,22.12,light rain
237,Usolye,RU,59.4268,56.6808,49.57,97,35,4.47,scattered clouds
238,Ulladulla,AU,-35.35,150.4667,46.09,67,97,4.03,overcast clouds
239,Henties Bay,NA,-22.116,14.2845,57.85,92,55,12.17,broken clouds
240,Sitka,US,57.0531,-135.33,60.69,72,90,3.44,overcast clouds
241,Derzhavinsk,KZ,51.1,66.3167,66.63,53,75,8.61,broken clouds
242,Alofi,NU,-19.0595,-169.9187,71.49,88,100,9.22,overcast clouds
243,Ouro Fino,BR,-22.2831,-46.3692,70.43,38,59,4.47,broken clouds
244,Severo-Kurilsk,RU,50.6789,156.125,53.08,85,12,11.56,few clouds
245,Concepcion Del Oro,MX,24.6333,-101.4167,76.37,29,2,6.76,clear sky
246,Rio Claro,BR,-22.4114,-47.5614,80.42,29,50,3.53,scattered clouds
247,Coxim,BR,-18.5067,-54.76,95.59,16,6,7.16,clear sky
248,Pankovka,RU,58.5,31.1999,63.05,89,100,5.44,overcast clouds
249,Atar,MR,20.5169,-13.0499,102.25,22,6,4.61,clear sky
250,Deputatskiy,RU,69.3,139.9,51.21,74,80,2.39,broken clouds
251,Lubao,PH,14.9167,120.55,80.62,88,100,4.09,overcast clouds
252,Mtambile,TZ,-5.3833,39.7,74.97,79,18,13.49,few clouds
253,Mackenzie,CA,55.2999,-123.1698,62.82,59,20,8.05,few clouds
254,Quirinopolis,BR,-18.4483,-50.4517,84.69,22,0,6.11,clear sky
255,Huancavelica,PE,-12.7667,-74.9833,53.1,29,13,9.33,few clouds
256,Manta,EC,-0.95,-80.7333,78.58,69,75,6.91,broken clouds
257,Shenzhen,CN,22.5455,114.0683,84.22,94,100,6.73,light rain
258,Guerrero Negro,MX,27.9769,-114.0611,78.78,60,5,12.12,clear sky
259,Tuktoyaktuk,CA,69.4541,-133.0374,48.2,71,90,11.5,overcast clouds
260,Alamos,MX,27.0167,-108.9333,90.72,70,46,1.36,scattered clouds
261,San Carlos,VE,9.6612,-68.5827,91.15,49,22,3.02,few clouds
262,Ayan,RU,56.45,138.1667,52.74,59,4,5.93,clear sky
263,Longyearbyen,SJ,78.2186,15.6401,44.44,81,20,12.66,few clouds
264,Tutoia,BR,-2.7619,-42.2744,85.98,64,3,11.41,clear sky
265,Lima,PE,-12.0432,-77.0282,61.14,77,90,11.5,overcast clouds
266,Cabo San Lucas,MX,22.8909,-109.9124,94.51,63,20,4.0,few clouds
267,Teya,RU,60.3778,92.6267,57.2,79,100,3.27,overcast clouds
268,Okhotsk,RU,59.3833,143.3,56.57,83,11,1.79,few clouds
269,Saldanha,ZA,-33.0117,17.9442,57.25,85,100,20.24,light rain
270,East London,ZA,-33.0153,27.9116,79.74,12,0,6.91,clear sky
271,Beterou,BJ,9.1992,2.2586,73.0,92,94,5.53,light rain
272,Key West,US,24.5557,-81.7826,91.4,62,1,6.91,clear sky
273,Santa Isabel Do Rio Negro,BR,-0.4139,-65.0192,76.23,89,100,0.13,light rain
274,Nalut,LY,30.3333,10.85,99.68,9,2,10.07,clear sky
275,Walvis Bay,NA,-22.9575,14.5053,58.08,76,29,5.75,scattered clouds
276,Port Lincoln,AU,-34.7333,135.8667,54.19,57,87,13.06,overcast clouds
277,Ballina,AU,-28.8667,153.5667,60.76,63,90,10.36,overcast clouds
278,Ravar,IR,31.2656,56.8055,85.59,12,0,7.07,clear sky
279,Kitimat,CA,54.0524,-128.6534,65.91,77,97,3.13,overcast clouds
280,Santa Vitoria Do Palmar,BR,-33.5189,-53.3681,70.25,68,100,3.0,overcast clouds
281,Lahaina,US,20.8783,-156.6825,80.6,64,5,8.72,clear sky
282,Nishihara,JP,26.1842,127.7558,80.26,94,40,13.8,scattered clouds
283,Severo-Yeniseyskiy,RU,60.3725,93.0408,54.82,77,100,3.85,overcast clouds
284,Balurghat,IN,25.2167,88.7667,82.18,87,64,6.22,broken clouds
285,Dawlatabad,AF,36.4141,64.9053,85.78,17,0,3.85,clear sky
286,Perama,GR,37.9757,23.5828,83.77,56,0,3.44,clear sky
287,Nikolskoye,RU,59.7035,30.7861,67.89,94,100,4.47,overcast clouds
288,Markova,UA,48.6758,24.4138,71.19,71,31,5.77,scattered clouds
289,Loreto,MX,22.2667,-101.9667,76.37,42,18,4.92,few clouds
290,North Bend,US,43.4065,-124.2243,73.92,68,1,12.66,clear sky
291,San Antonio,US,29.4241,-98.4936,94.78,58,20,1.99,light intensity drizzle
292,Chokurdakh,RU,70.6333,147.9167,53.17,68,37,8.21,scattered clouds
293,Didwana,IN,27.4,74.5667,87.1,62,100,8.12,heavy intensity rain
294,Tambopata,PE,-12.7333,-69.1833,91.29,46,20,4.61,few clouds
295,Progreso,MX,21.2833,-89.6667,87.91,58,69,15.01,broken clouds
296,Guapiles,CR,10.2159,-83.7866,83.84,86,93,3.13,overcast clouds
297,Pointe-Noire,CG,-4.7761,11.8635,77.07,78,75,6.91,broken clouds
298,Lasa,IT,46.6166,10.7002,73.31,91,42,2.59,scattered clouds
299,Parfenyevo,RU,58.484,43.4088,67.6,74,100,7.25,light rain
300,Xai-Xai,MZ,-25.0519,33.6442,62.44,72,0,8.9,clear sky
301,Ilulissat,GL,69.2167,-51.1,44.62,93,90,10.36,light rain
302,Esperance,AU,-33.8667,121.9,58.84,80,3,14.2,clear sky
303,Perbaungan,ID,3.5679,98.956,78.91,92,100,2.84,heavy intensity rain
304,Nouadhibou,MR,20.931,-17.0347,73.38,78,4,19.57,clear sky
305,Kachug,RU,53.9606,105.8817,49.69,74,5,3.13,clear sky
306,Omboue,GA,-1.5746,9.2618,74.03,83,99,7.61,overcast clouds
307,Nome,US,64.5011,-165.4064,55.47,72,40,19.57,scattered clouds
308,Bintulu,MY,3.1667,113.0333,75.61,94,40,3.44,moderate rain
309,Darhan,MN,49.4867,105.9228,54.66,78,4,2.37,clear sky
310,High Level,CA,58.5169,-117.136,53.71,71,75,0.0,broken clouds
311,Casa Grande,US,32.8795,-111.7573,101.16,35,1,5.99,clear sky
312,Khani,GE,41.9563,42.9566,65.77,88,100,2.01,overcast clouds
313,Kununurra,AU,-15.7667,128.7333,55.38,76,2,3.44,clear sky
314,Egvekinot,RU,66.3167,-179.1667,42.33,61,40,12.59,scattered clouds
315,Jiaojiang,CN,28.6803,121.4428,75.69,92,26,2.21,light rain
316,Mahanoro,MG,-19.9,48.8,65.01,90,15,4.34,few clouds
317,Yarmouth,US,41.7057,-70.2286,85.96,70,20,1.01,few clouds
318,Abashiri,JP,44.0213,144.2697,63.59,82,100,9.62,overcast clouds
319,Kaspiysk,RU,42.8816,47.6392,84.38,61,90,4.47,overcast clouds
320,Bolu,TR,40.6667,31.5833,60.96,96,41,3.4,scattered clouds
321,Khotynets,RU,53.1286,35.3966,66.33,83,0,6.11,clear sky
322,Belaya Gora,RU,68.5333,146.4167,55.27,56,85,3.13,overcast clouds
323,Richards Bay,ZA,-28.783,32.0377,70.47,52,0,12.91,clear sky
324,Hare Bay,CA,48.8499,-54.0148,60.15,74,95,10.11,overcast clouds
325,Buchanan,LR,5.8808,-10.0467,82.36,80,26,10.33,light rain
326,Buraydah,SA,26.326,43.975,99.05,12,100,10.33,overcast clouds
327,Nan,TH,18.8333,100.6667,73.65,96,100,0.74,overcast clouds
328,Waitati,NZ,-45.75,170.5667,36.81,83,83,9.64,broken clouds
329,Avera,US,33.194,-82.5271,93.7,41,53,1.92,broken clouds
330,Tuatapere,NZ,-46.1333,167.6833,35.82,85,100,5.95,overcast clouds
331,Karpathos,GR,35.507,27.2132,78.76,83,0,28.77,clear sky
332,Ozernovskiy,RU,51.5,156.5167,52.14,93,91,5.19,overcast clouds
333,Mutsu,JP,41.2894,141.2169,69.82,100,75,11.5,light intensity drizzle
334,Itarema,BR,-2.9248,-39.9167,83.16,64,0,21.21,clear sky
335,Lypnyazhka,UA,48.4469,31.0761,66.56,68,0,7.54,clear sky
336,Verkhoyansk,RU,67.5447,133.385,62.19,49,8,0.98,clear sky
337,Palaikastron,GR,35.2,26.25,76.71,71,0,18.07,clear sky
338,Veraval,IN,20.9,70.3667,80.65,82,98,7.81,overcast clouds
339,Bouafle,CI,6.9904,-5.7442,84.22,75,68,4.21,broken clouds
340,Karratha,AU,-20.7377,116.8463,67.91,64,4,4.38,light rain
341,Saint-Georges,GD,12.0564,-61.7485,80.28,89,75,9.22,broken clouds
342,Nizwa,OM,22.9333,57.5333,96.64,26,83,8.52,broken clouds
343,Ternate,ID,0.8,127.4,79.12,81,100,1.43,overcast clouds
344,Sinnamary,GF,5.3833,-52.95,83.97,73,100,12.3,overcast clouds
345,Areka,ET,7.0667,37.7,61.16,87,99,0.92,light rain
346,Micheweni,TZ,-4.9667,39.8333,74.93,80,60,12.33,broken clouds
347,Pochutla,MX,15.7432,-96.4661,88.83,65,87,9.17,overcast clouds
348,Randolph,US,35.7001,-79.8164,90.48,34,0,3.67,clear sky
349,Reguengos De Monsaraz,PT,38.4253,-7.5349,82.08,19,0,7.11,clear sky
350,Krasnoselkup,RU,65.7,82.4667,57.79,62,26,9.33,scattered clouds
351,Berkovica,BA,44.6156,18.4294,84.51,42,1,5.3,clear sky
352,Mayumba,GA,-3.432,10.6554,71.6,86,9,3.76,clear sky
353,Logansport,US,40.7545,-86.3567,88.74,66,40,11.5,scattered clouds
354,Ostersund,SE,63.1792,14.6357,61.25,88,75,9.22,broken clouds
355,Mukhen,RU,48.1,136.1,55.22,94,100,3.74,overcast clouds
356,Porto Santo,PT,33.072,-16.3415,74.3,60,75,12.66,broken clouds
357,Severomuysk,RU,56.1481,113.4267,48.06,96,100,3.76,light rain
358,Banda Aceh,ID,5.5577,95.3222,80.15,83,90,8.41,overcast clouds
359,Maunabo,PR,18.0072,-65.8993,85.05,90,53,15.64,broken clouds
360,Sioux Lookout,CA,50.1001,-91.917,68.07,77,90,6.91,smoke
361,Pandan,PH,14.0453,124.1694,80.6,83,100,4.09,overcast clouds
362,Nebbi,UG,2.4783,31.0889,66.54,87,99,5.21,light rain
363,Curitibanos,BR,-27.2828,-50.5844,72.5,37,0,2.42,clear sky
364,Edd,ER,13.9297,41.6925,89.78,69,97,6.4,overcast clouds
365,Minnedosa,CA,50.2453,-99.8436,86.56,17,2,21.23,clear sky
366,Hakui,JP,36.8833,136.7833,80.56,91,100,7.56,overcast clouds
367,Naryan-Mar,RU,67.6713,53.087,45.86,93,6,5.75,clear sky
368,Faya,SA,18.3851,42.4509,73.51,62,34,3.11,scattered clouds
369,Westport,US,41.1415,-73.3579,80.92,85,90,3.0,light rain
370,Omsukchan,RU,62.5333,155.8,46.83,80,6,5.1,clear sky
371,Camargo,MX,27.6667,-105.1667,89.56,29,84,5.95,broken clouds
372,Tautira,PF,-17.7333,-149.15,78.82,76,40,9.51,scattered clouds
373,Tiksi,RU,71.6872,128.8694,45.59,85,22,4.25,few clouds
374,Marzuq,YE,14.4,46.4667,88.56,26,99,7.14,overcast clouds
375,Banepa,NP,27.6298,85.5214,70.12,100,75,0.0,broken clouds
376,Strezhevoy,RU,60.7333,77.5889,66.18,69,100,4.92,overcast clouds
377,Pundaguitan,PH,6.3711,126.1689,80.98,70,100,2.53,overcast clouds
378,Nioro,GM,13.35,-15.75,79.0,83,100,8.1,overcast clouds
379,Saint-Denis,FR,48.9167,2.3333,69.22,55,0,3.0,clear sky
380,The Pas,CA,53.8251,-101.2541,66.22,88,90,10.69,overcast clouds
381,Lethem,GY,3.3803,-59.7968,89.65,66,40,11.5,scattered clouds
382,Aden,YE,12.7794,45.0367,85.08,77,40,12.53,scattered clouds
383,Jiazi,CN,22.8779,116.067,80.92,90,100,7.36,overcast clouds
384,Khilok,RU,51.3674,110.4676,51.28,93,28,3.94,scattered clouds
385,Hamilton,US,39.1834,-84.5333,91.89,56,75,1.01,broken clouds
386,Maniitsoq,GL,65.4167,-52.9,41.79,85,42,2.86,scattered clouds
387,Merke,KZ,42.8728,73.1786,79.02,25,0,9.73,clear sky
388,Kudahuvadhoo,MV,2.6708,72.8944,82.8,74,100,10.22,overcast clouds
389,Kosh-Agach,RU,50.0,88.6667,55.74,51,96,3.18,overcast clouds
390,Kerur,IN,16.0167,75.5667,74.95,86,6,12.39,clear sky
391,Makakilo City,US,21.3469,-158.0858,79.12,62,1,4.61,clear sky
392,Inta,RU,66.0317,60.1659,48.06,95,100,6.42,overcast clouds
393,Pratapgarh,IN,24.0333,74.7833,73.72,96,100,8.55,overcast clouds
394,Mnogovershinnyy,RU,53.9353,139.9242,42.58,92,71,2.64,broken clouds
395,Linguere,SN,15.3953,-15.1193,93.42,49,40,6.91,scattered clouds
396,Vallenar,CL,-28.5708,-70.7581,61.81,37,0,6.55,clear sky
397,Nantucket,US,41.2835,-70.0995,84.54,54,90,3.44,overcast clouds
398,Colimes,EC,-1.55,-80.0167,82.26,45,65,5.23,broken clouds
399,Georgetown,MY,5.4112,100.3354,81.9,88,40,1.99,scattered clouds
400,Bouca,CF,6.5105,18.2733,70.5,88,94,2.28,overcast clouds
401,Springhill,US,33.006,-93.4668,93.85,37,18,8.63,few clouds
402,Lubu,CN,23.1742,112.2809,79.83,95,100,1.54,light rain
403,Hammerfest,NO,70.6634,23.6821,70.25,43,0,12.66,clear sky
404,Cayenne,GF,4.9333,-52.3333,87.1,79,75,5.01,broken clouds
405,Mlonggo,ID,-6.5333,110.7,78.69,85,64,6.42,broken clouds
406,Itacoatiara,BR,-3.1431,-58.4442,96.17,29,8,3.91,clear sky
407,Ewa Beach,US,21.3156,-158.0072,80.55,62,1,4.61,clear sky
408,Kungurtug,RU,50.5994,97.5228,47.89,90,14,1.88,few clouds
409,Neftegorsk,RU,52.802,51.166,73.26,49,100,7.07,overcast clouds
410,Tallahassee,US,30.4383,-84.2807,93.99,60,75,1.01,broken clouds
411,West Fargo,US,46.875,-96.9004,82.02,63,90,3.0,overcast clouds
412,Popondetta,PG,-8.7537,148.2534,70.56,96,100,2.8,overcast clouds
413,Benguela,AO,-12.5763,13.4055,72.75,85,79,6.51,broken clouds
414,Half Moon Bay,US,37.4636,-122.4286,83.91,70,40,1.99,scattered clouds
415,San Luis,AR,-33.295,-66.3356,43.84,63,100,17.36,overcast clouds
416,Praia Da Vitoria,PT,38.7333,-27.0667,80.85,65,40,21.61,scattered clouds
417,Taoudenni,ML,22.6783,-3.9836,109.62,7,11,14.36,few clouds
418,Prince Rupert,CA,54.3161,-130.3201,59.09,91,90,3.44,overcast clouds
419,Togur,RU,58.3631,82.8265,64.92,77,92,3.24,overcast clouds
420,Palembang,ID,-2.9167,104.7458,75.15,93,72,3.18,broken clouds
421,Charters Towers,AU,-20.1,146.2667,55.51,93,0,7.45,clear sky
422,Hofn,IS,64.2539,-15.2082,57.11,73,3,5.06,clear sky
423,Bilibino,RU,68.0546,166.4372,47.84,48,88,2.3,overcast clouds
424,Ulan-Ude,RU,51.8261,107.6098,53.49,87,40,4.47,mist
425,Hollins,US,37.3413,-79.9431,93.52,41,75,5.75,broken clouds
426,Primero De Marzo,PY,-25.153,-56.928,91.31,18,32,8.97,scattered clouds
427,Evensk,RU,61.95,159.2333,53.33,70,15,9.01,few clouds
428,Conceicao Do Araguaia,BR,-8.2578,-49.2647,93.33,27,0,9.22,clear sky
429,Leningradskiy,RU,69.3833,178.4167,38.82,77,65,16.13,broken clouds
430,Luderitz,NA,-26.6481,15.1594,56.23,85,71,6.24,broken clouds
431,Pacific Grove,US,36.6177,-121.9166,81.01,81,40,7.0,scattered clouds
432,Kalabo,ZM,-14.97,22.6814,66.63,21,0,5.35,clear sky
433,Jiuquan,CN,39.7432,98.5174,71.71,24,0,7.43,clear sky
434,Yarensk,RU,62.1675,49.0916,57.65,61,100,4.94,overcast clouds
435,Stanislav,UA,46.5691,32.1478,75.29,53,69,14.5,broken clouds
436,Shelburne,CA,44.0787,-80.2041,77.76,69,100,9.48,overcast clouds
437,Salinopolis,BR,-0.6136,-47.3561,83.53,68,30,12.82,scattered clouds
438,Coquimbo,CL,-29.9533,-71.3436,60.53,63,75,8.05,broken clouds
439,Baykit,RU,61.67,96.37,61.18,63,100,3.24,overcast clouds
440,The Valley,AI,18.217,-63.0578,89.46,66,40,18.41,haze
441,Pompeu,BR,-19.2244,-44.9353,72.82,36,94,9.6,overcast clouds
442,San Rafael,AR,-34.6177,-68.3301,48.38,52,100,12.88,light rain
443,Maridi,SS,4.9158,29.4742,66.09,98,99,2.8,moderate rain
444,Sistranda,NO,63.7256,8.834,66.16,72,1,10.56,clear sky
445,Hanmer Springs,NZ,-42.5167,172.8167,27.91,96,93,3.27,light snow
446,Chifeng,CN,42.2683,118.9636,71.15,69,100,3.74,moderate rain
447,Merauke,ID,-8.4667,140.3333,75.25,89,88,11.83,overcast clouds
448,Iguape,BR,-24.7081,-47.5553,68.2,76,0,5.41,clear sky
449,Bukama,CD,-9.2,25.85,76.51,25,5,1.03,clear sky
450,Usinsk,RU,65.9939,57.5281,49.73,91,92,7.65,overcast clouds
451,Los Llanos De Aridane,ES,28.6585,-17.9182,69.55,94,75,8.05,broken clouds
452,Yeppoon,AU,-23.1333,150.7333,55.18,84,45,10.25,scattered clouds
453,Turukhansk,RU,65.8167,87.9833,56.16,64,24,8.32,few clouds
454,Hokitika,NZ,-42.7167,170.9667,34.52,79,2,7.29,clear sky
455,Menongue,AO,-14.6585,17.691,60.91,19,33,5.14,scattered clouds
456,Bozeman,US,45.6796,-111.0386,87.22,24,1,3.0,clear sky
457,Kirakira,SB,-10.4544,161.9205,77.0,85,48,6.13,scattered clouds
458,Suntar,RU,62.1444,117.6319,56.8,98,78,1.59,broken clouds
459,Shcherbinka,RU,55.4997,37.5597,70.92,100,0,0.0,clear sky
460,Nyurba,RU,63.2842,118.3319,59.58,98,42,0.89,scattered clouds
461,Ostrovnoy,RU,68.0531,39.5131,52.07,73,0,10.69,clear sky
462,Saint-Pierre,RE,-21.3393,55.4781,69.48,67,0,4.61,clear sky
463,Port Blair,IN,11.6667,92.75,82.18,83,100,11.16,overcast clouds
464,Bitung,ID,1.4451,125.1824,74.25,85,77,7.87,broken clouds
465,Hualmay,PE,-11.0964,-77.6139,66.47,73,30,13.15,scattered clouds
466,Susuman,RU,62.7833,148.1667,46.9,88,0,2.95,clear sky
467,Canmore,CA,51.0834,-115.3521,56.75,58,100,5.75,overcast clouds
468,Quelimane,MZ,-17.8786,36.8883,69.75,78,0,5.75,clear sky
469,Miles City,US,46.4083,-105.8406,94.51,21,1,10.38,clear sky
470,Poum,NC,-20.2333,164.0167,68.67,67,93,20.45,overcast clouds
471,Morant Bay,JM,17.8815,-76.4093,89.22,64,7,11.25,clear sky
472,Paragominas,BR,-2.9667,-47.4833,93.33,31,9,5.3,clear sky
473,Norilsk,RU,69.3535,88.2027,58.19,59,0,1.77,clear sky
474,Port-Gentil,GA,-0.7193,8.7815,76.96,83,40,8.05,scattered clouds
475,Aguada De Pasajeros,CU,22.385,-80.8508,89.74,42,3,3.89,clear sky
476,Cravo Norte,CO,6.3017,-70.2041,86.86,63,86,4.68,overcast clouds
477,Kaprijke,BE,51.208,3.6273,64.74,70,35,16.04,scattered clouds
478,Vila Velha,BR,-20.3297,-40.2925,73.35,73,40,10.36,scattered clouds
479,Mana,GF,5.6592,-53.7767,85.68,68,62,11.21,broken clouds
480,Tavda,RU,58.0425,65.2726,60.51,98,31,4.5,scattered clouds
481,Brookings,US,44.3114,-96.7984,77.34,73,75,9.22,broken clouds
482,Usevya,TZ,-7.1,31.2333,73.44,38,9,3.4,clear sky
483,Lagos,NG,6.5833,3.75,74.95,91,100,6.69,light rain
484,Sakakah,SA,29.9697,40.2064,98.17,14,0,3.47,clear sky
485,Shanghai,CN,31.2222,121.4581,78.66,85,0,2.24,light rain
486,Itoman,JP,26.1247,127.6694,80.98,94,40,13.8,scattered clouds
487,Pingzhuang,CN,42.0372,119.2889,69.26,75,100,3.71,moderate rain
488,Whitehorse,CA,60.7161,-135.0538,63.37,55,75,8.05,broken clouds
489,Constitucion,CL,-35.3333,-72.4167,53.47,55,100,4.29,overcast clouds
490,Sayyan,YE,15.1718,44.3244,68.81,42,80,4.92,broken clouds
491,Tainan,TW,22.9908,120.2133,82.18,94,90,1.14,thunderstorm
492,Washougal,US,45.5826,-122.3534,72.75,57,75,4.61,broken clouds
493,Mantua,IT,45.1667,10.7833,87.04,46,16,3.0,few clouds
494,Aksarka,RU,66.5606,67.7975,52.21,64,100,15.35,overcast clouds
495,Tamara,HN,14.15,-87.3333,74.95,53,75,11.5,broken clouds
496,Ginir,ET,7.1333,40.7,62.17,75,51,5.06,broken clouds
497,Kampot,KH,10.6167,104.1833,82.45,91,62,7.61,broken clouds
498,Honiara,SB,-9.4333,159.95,76.01,88,89,3.96,overcast clouds
499,Laukaa,RU,58.7372,29.8453,60.93,87,100,4.36,overcast clouds
500,Riohacha,CO,11.5444,-72.9072,88.14,60,100,17.18,overcast clouds
501,Evansville,US,37.9748,-87.5558,91.18,55,40,1.99,scattered clouds
502,Lampa,CL,-33.2833,-70.9,52.63,54,75,4.61,light rain
503,Pimentel,PE,-6.8367,-79.9342,73.69,74,0,8.01,clear sky
504,Port Hardy,CA,50.6996,-127.4199,60.98,82,75,10.36,broken clouds
505,Wilkie,CA,52.4168,-108.7014,62.98,35,100,17.34,overcast clouds
506,Vanavara,RU,60.34,102.2797,54.79,63,100,4.25,overcast clouds
507,Klaksvik,FO,62.2266,-6.589,52.72,93,100,6.89,overcast clouds
508,Yenangyaung,MM,20.4667,94.8833,79.29,81,100,8.03,overcast clouds
509,Broken Hill,AU,-31.95,141.4333,40.71,81,0,8.05,clear sky
510,Katherine,AU,-14.4667,132.2667,55.72,58,5,5.75,clear sky
511,Bonavista,CA,48.6499,-53.1147,61.12,88,98,21.21,light rain
512,Ziniare,BF,12.5822,-1.2983,86.04,56,45,7.74,scattered clouds
513,Meulaboh,ID,4.1363,96.1285,78.06,89,98,6.6,overcast clouds
514,Sangar,RU,63.9242,127.4739,59.76,44,6,9.08,clear sky
515,Strathmore,CA,51.0501,-113.3852,64.0,59,90,6.91,overcast clouds
516,Sovetskiy,RU,61.3614,63.5842,61.65,88,100,7.96,overcast clouds
517,Uige,AO,-7.6087,15.0613,70.09,58,33,2.66,scattered clouds
518,Peace River,CA,56.2501,-117.286,61.11,63,75,10.36,broken clouds
519,Urumqi,CN,43.801,87.6005,79.75,28,0,8.95,clear sky
520,General Pico,AR,-35.6566,-63.7568,44.96,74,100,10.87,light rain
521,Sao Jose Da Coroa Grande,BR,-8.8978,-35.1478,75.72,79,64,11.63,broken clouds
522,Pipar,IN,26.3856,73.5378,89.94,52,98,11.41,overcast clouds
523,Kulhudhuffushi,MV,6.6221,73.07,82.15,69,100,18.81,overcast clouds
524,Borogontsy,RU,62.6683,131.1683,52.0,56,6,5.66,clear sky
525,Chicama,PE,-7.8447,-79.1469,64.94,57,1,11.14,clear sky
526,Erie,US,42.7667,-78.6664,85.3,71,95,3.0,overcast clouds
527,Cairns,AU,-16.9167,145.7667,69.75,87,40,11.5,scattered clouds
528,Goderich,CA,43.7501,-81.7165,77.92,78,100,8.05,overcast clouds
529,El Carmen,CO,8.5106,-73.4478,78.15,76,99,1.36,overcast clouds
530,Lichtenburg,ZA,-26.152,26.1597,54.32,25,0,7.85,clear sky
531,Xingcheng,CN,40.6167,120.7167,73.87,72,100,2.42,overcast clouds
532,Tomatlan,MX,19.9333,-105.25,91.15,56,21,4.5,few clouds
533,Grand Gaube,MU,-20.0064,57.6608,69.39,89,100,3.0,light rain
534,Lamar,US,33.6668,-95.5836,95.65,59,75,12.66,broken clouds
535,Tura,IN,25.5198,90.2201,75.27,97,94,6.02,light rain
536,San Lorenzo,PY,-25.3333,-57.5333,90.54,31,20,12.66,few clouds
537,Yuxia,CN,34.0615,108.6291,72.21,86,11,2.86,few clouds
538,Sattenapalle,IN,16.4,80.1833,86.38,66,93,4.41,overcast clouds
539,Kawalu,ID,-7.3817,108.2082,73.35,96,85,1.05,overcast clouds
540,Thunder Bay,CA,48.4001,-89.3168,69.57,98,90,6.91,light intensity drizzle
541,Hasaki,JP,35.7333,140.8333,77.4,91,100,15.68,overcast clouds
542,Galion,US,40.7337,-82.7899,87.01,64,23,7.56,few clouds
543,Kieta,PG,-6.2167,155.6333,76.86,83,77,2.91,light rain
544,Cidreira,BR,-30.1811,-50.2056,65.05,77,1,9.46,clear sky
545,Deniliquin,AU,-35.5333,144.9667,48.0,69,100,4.59,overcast clouds
546,Araouane,ML,18.9048,-3.5265,103.24,15,12,13.53,few clouds
547,Sibolga,ID,1.7427,98.7792,75.74,92,57,3.85,broken clouds
548,Pala,TD,9.3642,14.9046,71.56,94,93,1.39,overcast clouds
549,Leland,US,34.2563,-78.0447,91.06,72,20,3.44,few clouds
550,Batemans Bay,AU,-35.7167,150.1833,46.2,82,14,4.41,few clouds
551,Gimli,CA,50.6336,-96.9907,73.42,78,24,20.71,few clouds
552,Talnakh,RU,69.4865,88.3972,58.15,59,2,1.61,clear sky
553,Lakhdenpokhya,RU,61.5198,30.1992,60.06,96,100,5.1,overcast clouds
554,Portalegre,PT,39.2938,-7.4312,84.49,27,0,10.04,clear sky
555,Grindavik,IS,63.8424,-22.4338,64.35,72,0,18.41,clear sky
556,Bosaso,SO,11.2842,49.1816,90.41,47,38,2.08,scattered clouds
557,Nyakahanga,TZ,-1.6033,31.1414,64.99,53,8,3.67,clear sky
558,Kangaba,ML,11.9333,-8.4167,76.26,88,100,4.12,moderate rain
559,Byron Bay,AU,-28.65,153.6167,60.69,67,100,8.59,overcast clouds
560,Vazhiny,RU,60.9644,34.0222,60.21,96,82,3.04,broken clouds
561,Yerbogachen,RU,61.2767,108.0108,49.64,60,5,1.68,clear sky
562,Vestmannaeyjar,IS,63.4427,-20.2734,59.99,72,0,13.8,clear sky
563,Simplicio Mendes,BR,-7.8539,-41.9103,91.2,21,0,9.8,clear sky
564,Tigil,RU,57.8,158.6667,45.12,88,27,3.2,scattered clouds
565,Kichera,RU,55.9375,110.0997,57.47,84,100,3.53,light rain
566,Aksaray,TR,38.3726,34.0254,69.39,56,95,3.74,overcast clouds
567,Pangnirtung,CA,66.1451,-65.7125,48.2,66,90,13.8,overcast clouds
568,Manhattan,US,40.7834,-73.9662,81.99,70,90,4.61,light rain
569,Mandera,KE,3.9366,41.867,86.11,35,100,12.08,overcast clouds
570,Kumluca,TR,36.3703,30.2869,85.15,51,0,6.06,clear sky
571,Jaguarari,BR,-10.2639,-40.1958,78.53,28,8,13.87,clear sky
572,Fereydun Kenar,IR,36.6864,52.5225,80.91,67,49,3.33,scattered clouds
573,Grants,US,35.1473,-107.8514,82.63,13,1,5.75,clear sky
574,Jalu,LY,29.0331,21.5482,92.12,18,0,9.89,clear sky
575,Nelson Bay,AU,-32.7167,152.15,57.0,84,100,12.06,overcast clouds
576,Ponta Delgada,PT,37.7333,-25.6667,72.32,83,75,17.27,broken clouds
577,Champerico,GT,14.3,-91.9167,92.77,75,86,5.84,overcast clouds
578,Morgan City,US,29.6994,-91.2068,93.2,70,20,8.05,few clouds
579,Antofagasta,CL,-23.65,-70.4,61.88,65,20,13.13,few clouds
580,Olkusz,PL,50.2813,19.565,68.59,75,43,2.21,scattered clouds
581,Catamarca,AR,-28.4696,-65.7852,75.49,43,1,8.01,clear sky
582,Samborondon,EC,-1.95,-79.7333,82.4,41,12,3.8,few clouds
583,San Ramon,US,37.7799,-121.978,84.81,52,1,4.0,smoke
584,San Andres,CO,12.5847,-81.7006,87.82,70,75,16.11,broken clouds
585,Akdepe,TM,42.0551,59.3788,84.29,22,0,10.74,clear sky
586,Mogok,MM,22.9167,96.5,66.83,98,100,2.8,overcast clouds
587,Hami,CN,42.8,93.45,82.8,16,100,9.13,overcast clouds
588,Caravelas,BR,-17.7125,-39.2481,73.65,68,0,8.34,clear sky
589,Shakawe,BW,-18.3667,21.85,63.57,18,0,4.68,clear sky
590,Nisia Floresta,BR,-6.0911,-35.2086,83.21,60,31,15.93,scattered clouds
591,Moose Factory,CA,51.2585,-80.6094,73.4,40,1,13.8,clear sky
592,Kenitra,MA,34.261,-6.5802,74.16,73,4,9.42,clear sky
593,Ust-Nera,RU,64.5667,143.2,58.73,59,5,4.59,clear sky
594,Daru,PG,-9.0763,143.2092,75.96,89,100,17.31,overcast clouds
595,Roma,US,43.2128,-75.4557,87.44,62,20,5.75,few clouds
596,Porto Novo,BJ,6.4965,2.6036,78.62,87,100,10.29,overcast clouds
597,Plettenberg Bay,ZA,-34.0527,23.3716,56.66,78,100,2.64,overcast clouds
598,Ajdabiya,LY,30.7554,20.2263,84.36,61,0,12.19,clear sky
599,Padang,ID,-0.9492,100.3543,78.31,86,70,2.8,broken clouds
600,Mersing,MY,2.4312,103.8405,73.31,100,83,5.75,broken clouds
601,Sulphur,US,30.2366,-93.3774,93.0,67,40,12.66,scattered clouds
602,Tateyama,JP,34.9833,139.8667,84.22,87,100,25.72,overcast clouds
603,Verkh-Chebula,RU,56.0308,87.6218,59.14,89,2,2.21,clear sky
604,Rorvik,NO,64.8621,11.2373,66.31,68,40,9.22,scattered clouds
605,Escanaba,US,45.7453,-87.0646,75.04,94,90,6.91,overcast clouds
606,Damietta,EG,31.4165,31.8133,85.89,77,0,10.92,clear sky
607,Tilichiki,RU,60.4667,166.1,47.84,71,89,7.81,overcast clouds
608,Sainte-Marie,RE,-20.8968,55.5496,69.96,78,90,3.44,overcast clouds
609,Port Augusta,AU,-32.5,137.7667,42.71,66,0,4.7,clear sky
610,Saint-Augustin,CA,51.226,-58.6502,68.95,35,9,3.89,clear sky
611,Chor,PK,25.5167,69.7667,84.34,63,0,18.77,clear sky
612,Medvedka,RU,61.1629,46.387,53.78,94,100,4.56,heavy intensity rain
613,Petropavlovsk-Kamchatskiy,RU,53.0452,158.6483,45.19,100,75,4.47,broken clouds
614,Jiquilisco,SV,13.3167,-88.5833,86.68,67,100,5.17,overcast clouds
615,Pannonhalma,HU,47.5495,17.7554,71.1,78,0,4.61,clear sky
616,Henderson,US,36.0397,-114.9819,104.76,9,1,16.11,clear sky
617,Adrar,MR,20.5022,-10.0711,97.23,12,10,11.74,clear sky
618,Sur,OM,22.5667,59.5289,88.86,58,6,13.24,clear sky
619,Saint Anthony,US,45.0205,-93.218,80.44,81,90,6.91,overcast clouds
620,Zyryanka,RU,65.75,150.85,54.03,75,8,6.8,clear sky
621,Orumiyeh,IR,37.5527,45.0761,72.95,53,0,6.91,clear sky
622,Rawson,AR,-43.3002,-65.1023,51.48,35,0,6.8,clear sky
623,Ercis,TR,39.0287,43.3586,67.6,36,83,4.14,broken clouds
624,Isangel,VU,-19.55,169.2667,68.11,88,90,4.61,overcast clouds
625,Marienburg,PL,54.0359,19.0266,70.88,66,96,7.02,overcast clouds
626,Chernyshevskiy,RU,63.0128,112.4714,55.71,61,100,2.06,overcast clouds
627,Whitley Bay,GB,55.0397,-1.4471,65.19,85,20,1.99,few clouds
628,Kalmunai,LK,7.4167,81.8167,80.13,82,100,3.4,overcast clouds
629,Yambio,SS,4.5721,28.3955,67.28,96,100,3.09,overcast clouds
630,Beloha,MG,-25.1667,45.05,64.04,82,0,5.84,clear sky
631,Sahuaripa,MX,29.05,-109.2333,86.07,64,100,4.43,overcast clouds
632,Abu Dhabi,AE,24.4667,54.3667,96.91,71,0,10.36,clear sky
633,Qasigiannguit,GL,68.8193,-51.1922,44.85,95,100,9.91,overcast clouds
634,Porto Recanati,IT,43.4365,13.6613,91.45,83,71,2.24,broken clouds
635,Parvatsar,IN,26.8833,74.7667,85.12,65,100,2.55,overcast clouds
636,Mildura,AU,-34.2,142.15,42.08,100,2,0.0,clear sky
637,Shubarshi,KZ,48.5872,57.1869,75.54,33,5,7.63,clear sky
638,Muros,ES,42.7762,-9.0603,68.5,70,100,10.27,overcast clouds
639,Lahad Datu,MY,5.0268,118.327,77.16,88,100,1.14,overcast clouds
640,Yerkoy,TR,39.6381,34.4672,71.13,62,63,7.05,broken clouds
641,Matamoros,MX,25.5333,-103.25,87.12,37,1,0.0,clear sky
642,Marawi,PH,7.9986,124.2928,66.65,92,100,1.81,overcast clouds
643,Abriaqui,CO,6.6315,-76.0644,63.23,75,100,0.29,overcast clouds
644,Igarka,RU,67.4667,86.5833,55.71,66,0,4.79,clear sky
645,Imbituba,BR,-28.24,-48.6703,73.29,70,0,14.27,clear sky
646,Kaeo,NZ,-35.1,173.7833,43.32,93,50,11.86,light rain
647,Tiznit,MA,29.5833,-9.5,65.8,75,15,7.25,few clouds
648,Termiz,UZ,37.2242,67.2783,84.29,32,0,2.3,clear sky
649,Talcahuano,CL,-36.7167,-73.1167,55.08,54,0,2.3,clear sky
650,Malmesbury,ZA,-33.4608,18.7271,56.55,92,100,14.29,light rain
651,Abaete,BR,-19.16,-45.4458,77.22,31,78,3.53,broken clouds
652,Notre-Dame-Du-Lac,CA,47.6136,-68.7964,77.25,33,56,2.84,broken clouds
653,Podgorica,ME,42.4411,19.2636,87.58,22,0,8.05,clear sky
654,Maceio,BR,-9.6658,-35.7353,81.84,61,40,12.66,scattered clouds
655,Havre-Saint-Pierre,CA,50.2334,-63.5986,66.56,48,20,16.11,few clouds
656,Tual,ID,-5.6667,132.75,80.31,78,100,17.22,overcast clouds
657,Comodoro Rivadavia,AR,-45.8667,-67.5,51.66,32,20,8.05,few clouds
658,Gigmoto,PH,13.7796,124.39,80.37,85,100,3.51,overcast clouds
659,Ulaanbaatar,MN,47.9077,106.8832,51.93,82,40,4.47,scattered clouds
660,Altay,CN,47.8667,88.1167,62.44,34,4,6.24,clear sky
661,Yulara,AU,-25.2406,130.9889,40.84,48,0,4.61,clear sky
662,Hanna,CA,51.6334,-111.9018,65.71,39,100,12.39,overcast clouds
663,Punta Alta,AR,-38.8759,-62.0736,52.61,52,100,14.2,overcast clouds
664,Gouyave,GD,12.1646,-61.7296,79.57,89,75,9.22,broken clouds
665,Pokhara,NP,28.2333,83.9833,73.47,88,93,2.28,overcast clouds
666,Sambava,MG,-14.2667,50.1667,70.39,84,54,11.65,broken clouds
667,Beira,MZ,-19.8436,34.8389,66.29,88,0,4.61,clear sky
668,Salym,RU,60.0625,71.4789,67.95,77,100,2.39,overcast clouds
669,Nagykoros,HU,47.0342,19.7786,82.06,54,0,6.91,clear sky
670,Muisne,EC,0.6,-80.0333,77.38,79,80,11.3,broken clouds
671,Yumen,CN,40.2833,97.2,72.54,21,0,9.71,clear sky
672,Peterhead,GB,57.5058,-1.7981,62.11,85,30,11.79,scattered clouds
673,Koluszki,PL,51.7387,19.8199,68.9,66,18,4.76,few clouds
674,La Asuncion,VE,11.0333,-63.8628,89.33,48,40,8.05,scattered clouds
675,Paita,PE,-5.0892,-81.1144,75.76,67,5,18.12,clear sky
676,Malinovoye Ozero,RU,51.6753,79.7825,64.36,77,78,7.09,broken clouds
677,Sola,VU,-13.8833,167.55,75.38,89,100,21.34,moderate rain
678,Puranpur,IN,28.5167,80.15,80.46,88,100,5.03,overcast clouds
679,Chumikan,RU,54.7183,135.315,49.48,85,100,6.64,overcast clouds
680,Kavaratti,IN,10.5669,72.642,80.65,81,100,18.61,light rain
681,Lieksa,FI,63.3167,30.0167,58.84,96,100,9.1,overcast clouds
682,Zhezkazgan,KZ,47.8043,67.7144,72.03,31,0,17.83,clear sky
683,Mayo,US,38.8876,-76.5119,92.39,66,1,5.99,clear sky
684,Jaleswar,NP,26.6471,85.8008,81.99,86,100,5.66,light rain
685,Salinas,US,36.6777,-121.6555,79.57,69,75,4.61,broken clouds
686,Hambantota,LK,6.1241,81.1185,79.14,94,0,6.91,clear sky
687,Keuruu,FI,62.2667,24.7,64.58,85,100,3.33,overcast clouds
688,Srednekolymsk,RU,67.45,153.6833,55.4,62,20,2.98,few clouds
689,Orange Walk,BZ,17.8333,-88.8333,87.66,47,56,9.01,broken clouds
690,Port Hawkesbury,CA,45.6169,-61.3485,77.43,81,75,7.0,broken clouds
691,Atambua,ID,-9.1061,124.8925,67.59,85,17,4.05,few clouds
692,Mankono,CI,8.0586,-6.1897,76.78,78,94,2.8,light rain
693,Road Town,VG,18.4167,-64.6167,82.44,89,20,4.61,few clouds
694,Benghazi,LY,32.1167,20.0667,83.12,58,0,20.8,clear sky
